Title,Media URL,Pinterest board,Thumbnail,Description,Link,Publish date,Keywords
'Old Gods' door sign: The doorbell sign everyone laughs at,https://dailydealsuk.co.uk/pins/B0B65F34GX.jpg,Amazon Finds UK,,The doorbell sign everyone laughs at. A metal no-soliciting sign with a spooky sense of humour. Fun for Halloween and funny enough to leave up all year. Tap through for today's price on Amazon UK. #ad #halloweendecor #gothichome #funnysigns,https://www.amazon.co.uk/dp/B0B65F34GX?tag=dailydeal07d1-21,2026-09-26T10:00:00,
"Black sheer gothic curtains: Dark academia decor, all year round",https://dailydealsuk.co.uk/pins/B0FHGXN8J2.jpg,Amazon Finds UK,,"Dark academia decor, all year round. Floral black sheer curtains that let the light through, a moody change for a bedroom or living room. Tap through for today's price on Amazon UK. #ad #darkacademia #gothichome #curtains",https://www.amazon.co.uk/dp/B0FHGXN8J2?tag=dailydeal07d1-21,2026-09-26T19:00:00,
Splatypus jar spatula: Get every last bit out of the jar,https://dailydealsuk.co.uk/pins/B07H7ZDBV4.jpg,Amazon Finds UK,,"Get every last bit out of the jar. A slim, flexible spatula shaped to reach the bottom of jars and bottles, and it's dishwasher safe. Tap through for today's price on Amazon UK. #ad #kitchengadgets #kitchenhacks #foodwaste",https://www.amazon.co.uk/dp/B07H7ZDBV4?tag=dailydeal07d1-21,2026-09-27T10:00:00,
Clear stackable drawers: Finally see what's in the cupboard,https://dailydealsuk.co.uk/pins/B0DB5MH7YQ.jpg,Amazon Finds UK,,"Finally see what's in the cupboard. A set of four clear stacking drawers with handles for bathrooms, kitchens and under-sink cupboards. Tap through for today's price on Amazon UK. #ad #homeorganisation #storageideas #tidyhome",https://www.amazon.co.uk/dp/B0DB5MH7YQ?tag=dailydeal07d1-21,2026-09-27T19:00:00,
"Face mask mixing bowl set: Spa night at home, sorted",https://dailydealsuk.co.uk/pins/B08MXTCZ7C.jpg,Amazon Finds UK,,"Spa night at home, sorted. A bowl, spatulas and brush for mixing clay or powder masks without the mess. Tap through for today's price on Amazon UK. #ad #selfcare #skincare #spanight",https://www.amazon.co.uk/dp/B08MXTCZ7C?tag=dailydeal07d1-21,2026-09-28T10:00:00,
Joie corn cob holders: The small BBQ hack for buttery fingers,https://dailydealsuk.co.uk/pins/B00LMZJSVE.jpg,Amazon Finds UK,,"The small BBQ hack for buttery fingers. Star-shaped stainless steel holders that make corn on the cob easy to eat, handy for BBQs and family dinners. Tap through for today's price on Amazon UK. #ad #bbqideas #kitchengadgets #familydinner",https://www.amazon.co.uk/dp/B00LMZJSVE?tag=dailydeal07d1-21,2026-09-28T19:00:00,
Tidy-Tex sink organiser: The sink caddy that ends the clutter,https://dailydealsuk.co.uk/pins/B06X9H6XN5.jpg,Amazon Finds UK,,"The sink caddy that ends the clutter. A caddy and drip tray for sponges, brushes and washing-up liquid that keeps the sink edge tidy. Tap through for today's price on Amazon UK. #ad #kitchenorganisation #tidyhome #cleaningtips",https://www.amazon.co.uk/dp/B06X9H6XN5?tag=dailydeal07d1-21,2026-09-29T10:00:00,
Sonic Scrubber brush: Scrubs grout so your arms don't have to,https://dailydealsuk.co.uk/pins/B01LVV6THF.jpg,Amazon Finds UK,,"Scrubs grout so your arms don't have to. A battery-powered oscillating brush with interchangeable heads for grout, taps and tricky corners. Tap through for today's price on Amazon UK. #ad #cleaninghacks #cleaningtips #bathroomcleaning",https://www.amazon.co.uk/dp/B01LVV6THF?tag=dailydeal07d1-21,2026-09-29T19:00:00,
Crevice cleaning brushes: Gets into every gap and groove,https://dailydealsuk.co.uk/pins/B0CHQ35R44.jpg,Amazon Finds UK,,"Gets into every gap and groove. Stiff-bristled gap brushes for window tracks, tile lines and the corners a sponge can't reach. Tap through for today's price on Amazon UK. #ad #cleaninghacks #cleaningmotivation #tidyhome",https://www.amazon.co.uk/dp/B0CHQ35R44?tag=dailydeal07d1-21,2026-09-30T10:00:00,
NYX Brow Glue Crazy Lift: The laminated-brow look without a salon,https://dailydealsuk.co.uk/pins/B0F2TLPT18.jpg,Amazon Finds UK,,"The laminated-brow look without a salon. A clear brow gel that sets brows in place for a brushed-up, fluffy look. Tap through for today's price on Amazon UK. #ad #browtips #makeup #beautyfinds",https://www.amazon.co.uk/dp/B0F2TLPT18?tag=dailydeal07d1-21,2026-09-30T19:00:00,
HEETA scalp massager: The shampoo brush that feels like a treat,https://dailydealsuk.co.uk/pins/B095WCH2TD.jpg,Amazon Finds UK,,The shampoo brush that feels like a treat. Soft silicone bristles for a deeper shampoo and a relaxing scalp massage in the shower. Tap through for today's price on Amazon UK. #ad #haircare #selfcare #showerroutine,https://www.amazon.co.uk/dp/B095WCH2TD?tag=dailydeal07d1-21,2026-10-01T10:00:00,
OHMO silicone can lids: Stop wasting half-used tins,https://dailydealsuk.co.uk/pins/B095C2VCCZ.jpg,Amazon Finds UK,,"Stop wasting half-used tins. Stretchy lids that fit three tin sizes, great for pet food, beans and tomatoes in the fridge. Tap through for today's price on Amazon UK. #ad #kitchenhacks #foodwaste #petowners",https://www.amazon.co.uk/dp/B095C2VCCZ?tag=dailydeal07d1-21,2026-10-01T19:00:00,
"Genuine Henry hoover bags: If you own a Henry, you need these",https://dailydealsuk.co.uk/pins/B09QMLG65D.jpg,Amazon Finds UK,,"If you own a Henry, you need these. Genuine Numatic Hepa-Flo bags for Henry, Hetty and similar vacuums, with fresheners included. Tap through for today's price on Amazon UK. #ad #henryhoover #cleaningtips #homeessentials",https://www.amazon.co.uk/dp/B09QMLG65D?tag=dailydeal07d1-21,2026-10-02T10:00:00,
Linda's oven liners: Never scrub the oven floor again,https://dailydealsuk.co.uk/pins/B0D7MFC9JL.jpg,Amazon Finds UK,,Never scrub the oven floor again. Reusable non-stick liners that sit in the bottom of the oven and catch drips so you can just wipe them clean. Tap through for today's price on Amazon UK. #ad #cleaninghacks #kitchenhacks #ovencleaning,https://www.amazon.co.uk/dp/B0D7MFC9JL?tag=dailydeal07d1-21,2026-10-02T19:00:00,
DOQAUS meat thermometer: Never overcook a roast again,https://dailydealsuk.co.uk/pins/B0D2H1HR4G.jpg,Amazon Finds UK,,"Never overcook a roast again. An instant-read food thermometer with a backlit screen, so you know when the meat is done. Tap through for today's price on Amazon UK. #ad #cookingtips #sundayroast #kitchengadgets",https://www.amazon.co.uk/dp/B0D2H1HR4G?tag=dailydeal07d1-21,2026-10-03T10:00:00,
YARRAMATE oil sprayer: Use less oil without trying,https://dailydealsuk.co.uk/pins/B0CP4XY9QC.jpg,Amazon Finds UK,,"Use less oil without trying. A 2-in-1 bottle that sprays or pours oil, handy for air fryers, salads and roasting trays. Tap through for today's price on Amazon UK. #ad #airfryer #healthycooking #kitchengadgets",https://www.amazon.co.uk/dp/B0CP4XY9QC?tag=dailydeal07d1-21,2026-10-03T19:00:00,
